<?xml version="1.0"?>
<info locale="device_locale_strings.xml">	
	<DeviceType>
		<value>3</value>
		<meta>
			<type>options.int32</type>
			<desc>device type</desc>
			<options>
				<option type="int32" value="1" desc="PCI5121" />
				<option type="int32" value="2" desc="PCI9810" />
				<option type="int32" value="3" desc="USBCAN1" />
				<option type="int32" value="4" desc="USBCAN2" />
				<option type="int32" value="5" desc="PCI9820" />
				<option type="int32" value="7" desc="PCI5110" />
				<option type="int32" value="11" desc="PC104-CAN" />
				<option type="int32" value="16" desc="PCI9820I" />
				<option type="int32" value="15" desc="PC104-CAN2" />
				<option type="int32" value="24" desc="PCIE-9221" />
				<option type="int32" value="28" desc="PCIe-9110I" />
				<option type="int32" value="27" desc="PCIe-9120I" />
				<option type="int32" value="30" desc="PCI5010P" />
				<option type="int32" value="12" desc="CANET-UDP" />
				<option type="int32" value="26" desc="CANWIFI-UDP" />
				<option type="int32" value="14" desc="PCI9840" />
				<option type="int32" value="29" desc="PCIe-9140I" />
				<option type="int32" value="17" desc="CANET-TCP" />
				<option type="int32" value="25" desc="CANWIFI-TCP" />
				<option type="int32" value="19" desc="PCI-5010-U" />
				<option type="int32" value="22" desc="PCI-5020-U" />
				<option type="int32" value="20" desc="USBCAN-E-U" />
				<option type="int32" value="21" desc="USBCAN-2E-U" />
				<option type="int32" value="31" desc="USBCAN-4E-U" />
				<option type="int32" value="34" desc="USBCAN-8E-U" />
				<option type="int32" value="38" desc="PCIE-CANFD-100U" />
				<option type="int32" value="39" desc="PCIE-CANFD-200U" />
				<option type="int32" value="40" desc="PCIE-CANFD-400U" />
				<option type="int32" value="37" desc="CANDTU-100UR" />
				<option type="int32" value="32" desc="CANDTU-200UR" />
				<option type="int32" value="36" desc="CANDTU-NET" />
				<option type="int32" value="99" desc="VIRTUAL" />
				<option type="int32" value="41" desc="USBCANFD-200U" />
				<option type="int32" value="42" desc="USBCANFD-100U" />
				<option type="int32" value="43" desc="USBCANFD-MINI" />
				<option type="int32" value="44" desc="CANFDCOM-100IE" />
				<option type="int32" value="45" desc="CANSCOPE" />
				<option type="int32" value="47" desc="CANDTU-NET-400" />
			</options>
		</meta>
		<PCI5121 stream="PCI5121" case="parent-value=1">
			<include_file>
				<value>usbcan2.xml</value>
				<meta>
					<type>string</type>
					<desc>PCI5121 config file</desc>
				</meta>
			</include_file>
		</PCI5121>
		
		<PCI9810 stream="PCI9810" case="parent-value=2">
			<include_file>
				<value>usbcan1.xml</value>
				<meta>
					<type>string</type>
					<desc>PCI9810 config file</desc>
				</meta>
			</include_file>
		</PCI9810>
		
		<USBCAN1 stream="USBCAN1" case="parent-value=3">
			<include_file>
				<value>usbcan1.xml</value>
				<meta>
					<type>string</type>
					<desc>USBCAN1 config file</desc>
				</meta>
			</include_file>
		</USBCAN1>
		
		<USBCAN2 stream="USBCAN2" case="parent-value=4">
			<include_file>
				<value>usbcan2.xml</value>
				<meta>
					<type>string</type>
					<desc>USBCAN2 config file</desc>
				</meta>
			</include_file>
		</USBCAN2>
		
		<PCI9820 stream="PCI9820" case="parent-value=5">
			<include_file>
				<value>usbcan2.xml</value>
				<meta>
					<type>string</type>
					<desc>PCI9820 config file</desc>
				</meta>
			</include_file>
		</PCI9820>

    <PCI5110 stream="PCI5110" case="parent-value=7">
			<include_file>
				<value>usbcan1.xml</value>
				<meta>
					<type>string</type>
					<desc>PCI5110 config file</desc>
				</meta>
			</include_file>
		</PCI5110>

    <PC104-CAN stream="PC104-CAN" case="parent-value=11">
      <include_file>
        <value>usbcan1.xml</value>
        <meta>
          <type>string</type>
          <desc>PC104-CAN config file</desc>
        </meta>
      </include_file>
    </PC104-CAN>

    <PCI9820I stream="PCI9820I" case="parent-value=16">
      <include_file>
        <value>usbcan2.xml</value>
        <meta>
          <type>string</type>
          <desc>PCI9820I config file</desc>
        </meta>
      </include_file>
    </PCI9820I>

    <PC104-CAN2 stream="PC104-CAN2" case="parent-value=15">
      <include_file>
        <value>usbcan2.xml</value>
        <meta>
          <type>string</type>
          <desc>PC104-CAN2 config file</desc>
        </meta>
      </include_file>
    </PC104-CAN2>

    <PCIE-9221 stream="PCIE-9221" case="parent-value=24">
      <include_file>
        <value>usbcan2.xml</value>
        <meta>
          <type>string</type>
          <desc>PCIE-9221 config file</desc>
        </meta>
      </include_file>
    </PCIE-9221>

    <PCIe-9110I stream="PCIe-9110I" case="parent-value=28">
      <include_file>
        <value>usbcan1.xml</value>
        <meta>
          <type>string</type>
          <desc>PCIe-9110I config file</desc>
        </meta>
      </include_file>
    </PCIe-9110I>

    <PCIe-9120I stream="PCIe-9120I" case="parent-value=27">
      <include_file>
        <value>usbcan2.xml</value>
        <meta>
          <type>string</type>
          <desc>PCIe-9120I config file</desc>
        </meta>
      </include_file>
    </PCIe-9120I>

    <PCI5010P stream="PCI5010P" case="parent-value=30">
      <include_file>
        <value>usbcan1.xml</value>
        <meta>
          <type>string</type>
          <desc>PCI5010P config file</desc>
        </meta>
      </include_file>
    </PCI5010P>

    <CANET-UDP stream="CANET-UDP" case="parent-value=12">
      <include_file>
        <value>canet-udp.xml</value>
        <meta>
          <type>string</type>
          <desc>CANET-UDP config file</desc>
        </meta>
      </include_file>
    </CANET-UDP>

    <CANWIFI-UDP stream="CANWIFI-UDP" case="parent-value=26">
      <include_file>
        <value>canet-udp.xml</value>
        <meta>
          <type>string</type>
          <desc>CANWIFI-UDP config file</desc>
        </meta>
      </include_file>
    </CANWIFI-UDP>

    <PCI9840 stream="PCI9840" case="parent-value=14">
      <include_file>
        <value>usbcan4.xml</value>
        <meta>
          <type>string</type>
          <desc>PCI9840 config file</desc>
        </meta>
      </include_file>
    </PCI9840>

    <PCIe-9140I stream="PCIe-9140I" case="parent-value=29">
      <include_file>
        <value>usbcan4.xml</value>
        <meta>
          <type>string</type>
          <desc>PCIe-9140I config file</desc>
        </meta>
      </include_file>
    </PCIe-9140I>

    <CANET-TCP stream="CANET-TCP" case="parent-value=17">
      <include_file>
        <value>canet-tcp.xml</value>
        <meta>
          <type>string</type>
          <desc>CANET-TCP config file</desc>
        </meta>
      </include_file>
    </CANET-TCP>

    <CANWIFI-TCP stream="CANWIFI-TCP" case="parent-value=25">
      <include_file>
        <value>canet-tcp.xml</value>
        <meta>
          <type>string</type>
          <desc>CANWIFI-TCP config file</desc>
        </meta>
      </include_file>
    </CANWIFI-TCP>

    <PCI-5010-U stream="PCI-5010-U" case="parent-value=19">
      <include_file>
        <value>pci-5010-u.xml</value>
        <meta>
          <type>string</type>
          <desc>PCI-5010-U config file</desc>
        </meta>
      </include_file>
    </PCI-5010-U>

    <PCI-5020-U stream="PCI-5020-U" case="parent-value=22">
      <include_file>
        <value>pci-5020-u.xml</value>
        <meta>
          <type>string</type>
          <desc>PCI-5020-U config file</desc>
        </meta>
      </include_file>
    </PCI-5020-U>

    <USBCAN-E-U stream="USBCAN-E-U" case="parent-value=20">
      <include_file>
        <value>pci-5010-u.xml</value>
        <meta>
          <type>string</type>
          <desc>USBCAN-E-U config file</desc>
        </meta>
      </include_file>
    </USBCAN-E-U>

    <USBCAN-2E-U stream="USBCAN-2E-U" case="parent-value=21">
      <include_file>
        <value>pci-5020-u.xml</value>
        <meta>
          <type>string</type>
          <desc>USBCAN-2E-U config file</desc>
        </meta>
      </include_file>
    </USBCAN-2E-U>

    <USBCAN-4E-U stream="USBCAN-4E-U" case="parent-value=31">
      <include_file>
        <value>usbcan-4e-u.xml</value>
        <meta>
          <type>string</type>
          <desc>USBCAN-4E-U config file</desc>
        </meta>
      </include_file>
    </USBCAN-4E-U>

    <USBCAN-8E-U stream="USBCAN-8E-U" case="parent-value=34">
      <include_file>
        <value>usbcan-8e-u.xml</value>
        <meta>
          <type>string</type>
          <desc>USBCAN-8E-U config file</desc>
        </meta>
      </include_file>
    </USBCAN-8E-U>
	
	<PCIE-CANFD-100U stream="PCIE-CANFD-100U" case="parent-value=38">
      <include_file>
        <value>pcie-canfd-100u.xml</value>
        <meta>
          <type>string</type>
          <desc>PCIE-CANFD-100U config file</desc>
        </meta>
      </include_file>
    </PCIE-CANFD-100U>

    <PCIE-CANFD-200U stream="PCIE-CANFD-200U" case="parent-value=39">
      <include_file>
        <value>pcie-canfd-200u.xml</value>
        <meta>
          <type>string</type>
          <desc>PCIE-CANFD-200U config file</desc>
        </meta>
      </include_file>
    </PCIE-CANFD-200U>
	
	<PCIE-CANFD-400U stream="PCIE-CANFD-400U" case="parent-value=40">
      <include_file>
        <value>pcie-canfd-400u.xml</value>
        <meta>
          <type>string</type>
          <desc>PCIE-CANFD-400U config file</desc>
        </meta>
      </include_file>
    </PCIE-CANFD-400U>

    <CANDTU-100UR stream="CANDTU-100UR" case="parent-value=37">
      <include_file>
        <value>candtu-100ur.xml</value>
        <meta>
          <type>string</type>
          <desc>CANDTU-100UR config file</desc>
        </meta>
      </include_file>
    </CANDTU-100UR>

    <CANDTU-200UR stream="CANDTU-200UR" case="parent-value=32">
      <include_file>
        <value>candtu-200ur.xml</value>
        <meta>
          <type>string</type>
          <desc>CANDTU-100UR config file</desc>
        </meta>
      </include_file>
    </CANDTU-200UR>

    <CANDTU-NET stream="CANDTU-NET" case="parent-value=36">
      <include_file>
        <value>candtu-net.xml</value>
        <meta>
          <type>string</type>
          <desc>CANDTU-NET config file</desc>
        </meta>
      </include_file>
    </CANDTU-NET>

    <VIRTUAL stream="VIRTUAL" case="parent-value=99">
      <include_file>
        <value>virtual.xml</value>
        <meta>
          <type>string</type>
          <desc>VIRTUAL config file</desc>
        </meta>
      </include_file>
    </VIRTUAL>
	
	<USBCANFD-200U stream="USBCANFD-200U" case="parent-value=41">
      <include_file>
        <value>usbcanfd-200u.xml</value>
        <meta>
          <type>string</type>
          <desc>USBCANFD-200U config file</desc>
        </meta>
      </include_file>
    </USBCANFD-200U>
	
	<USBCANFD-100U stream="USBCANFD-100U" case="parent-value=42">
      <include_file>
        <value>usbcanfd-100u.xml</value>
        <meta>
          <type>string</type>
          <desc>USBCANFD-100U config file</desc>
        </meta>
      </include_file>
    </USBCANFD-100U>
	
	<USBCANFD-MINI stream="USBCANFD-MINI" case="parent-value=43">
      <include_file>
        <value>usbcanfd-100u.xml</value>
        <meta>
          <type>string</type>
          <desc>USBCANFD-MIN config file</desc>
        </meta>
      </include_file>
    </USBCANFD-MINI>
	
	<CANSCOPE stream="CANSCOPE" case="parent-value=45">
      <include_file>
        <value>canscope.xml</value>
        <meta>
          <type>string</type>
          <desc>CANSCOPE config file</desc>
        </meta>
      </include_file>
    </CANSCOPE>
	
	<CANSCOPE stream="CANDTU-NET-400" case="parent-value=47">
      <include_file>
        <value>candtu-net-400.xml</value>
        <meta>
          <type>string</type>
          <desc>CANSCOPE config file</desc>
        </meta>
      </include_file>
    </CANSCOPE>
	
	<CANFDCOM-100IE stream="CANFDCOM-100IE" case="parent-value=44">
      <include_file>
        <value>canfdcom-100ie.xml</value>
        <meta>
          <type>string</type>
          <desc>CANFDCOM-100IE config file</desc>
        </meta>
      </include_file>
    </CANFDCOM-100IE>
	
	</DeviceType>
</info>
